{
  "train_loss": [
    1.9624778228998183
  ],
  "train_acc": [
    0.41
  ],
  "val_loss": [
    1.8729414166053184
  ],
  "val_acc": [
    0.10938433950986252
  ],
  "val_f1": [
    0.07415216968663584
  ]
}